user,password,credit
user_1,password_1,1
user_2,password_2,2
user_3,password_3,3
user_4,password_4,4
user_5,password_5,5
user_6,password_6,6
user_7,password_7,7
user_8,password_8,8
user_9,password_9,9
user_10,password_10,10
user_11,password_11,11
user_12,password_12,12
user_13,password_13,13
user_14,password_14,14
user_15,password_15,15
user_16,password_16,16
user_17,password_17,17
user_18,password_18,18
user_19,password_19,19
user_20,password_20,20
user_21,password_21,21
user_22,password_22,22
user_23,password_23,23
user_24,password_24,24
user_25,password_25,25
user_26,password_26,26
user_27,password_27,27
user_28,password_28,28
user_29,password_29,29
user_30,password_30,30
user_31,password_31,31
user_32,password_32,32
user_33,password_33,33
user_34,password_34,34
user_35,password_35,35
user_36,password_36,36
user_37,password_37,37
user_38,password_38,38
user_39,password_39,39
user_40,password_40,40
user_41,password_41,41
user_42,password_42,42
user_43,password_43,43
user_44,password_44,44
user_45,password_45,45
user_46,password_46,46
user_47,password_47,47
user_48,password_48,48
user_49,password_49,49
user_50,password_50,50
user_51,password_51,51
user_52,password_52,52
user_53,password_53,53
user_54,password_54,54
user_55,password_55,55
user_56,password_56,56
user_57,password_57,57
user_58,password_58,58
user_59,password_59,59
user_60,password_60,60
user_61,password_61,61
user_62,password_62,62
user_63,password_63,63
user_64,password_64,64
user_65,password_65,65
user_66,password_66,66
user_67,password_67,67
user_68,password_68,68
user_69,password_69,69
user_70,password_70,70
user_71,password_71,71
user_72,password_72,72
user_73,password_73,73
user_74,password_74,74
user_75,password_75,75
user_76,password_76,76
user_77,password_77,77
user_78,password_78,78
user_79,password_79,79
user_80,password_80,80
user_81,password_81,81
user_82,password_82,82
user_83,password_83,83
user_84,password_84,84
user_85,password_85,85
user_86,password_86,86
user_87,password_87,87
user_88,password_88,88
user_89,password_89,89
user_90,password_90,90
user_91,password_91,91
user_92,password_92,92
user_93,password_93,93
user_94,password_94,94
user_95,password_95,95
user_96,password_96,96
user_97,password_97,97
user_98,password_98,98
user_99,password_99,99
user_100,password_100,100
user_101,password_101,101
user_102,password_102,102
user_103,password_103,103
user_104,password_104,104
user_105,password_105,105
user_106,password_106,106
user_107,password_107,107
user_108,password_108,108
user_109,password_109,109
user_110,password_110,110
user_111,password_111,111
user_112,password_112,112
user_113,password_113,113
user_114,password_114,114
user_115,password_115,115
user_116,password_116,116
user_117,password_117,117
user_118,password_118,118
user_119,password_119,119
user_120,password_120,120
user_121,password_121,121
user_122,password_122,122
user_123,password_123,123
user_124,password_124,124
user_125,password_125,125
user_126,password_126,126
user_127,password_127,127
user_128,password_128,128
user_129,password_129,129
user_130,password_130,130
user_131,password_131,131
user_132,password_132,132
user_133,password_133,133
user_134,password_134,134
user_135,password_135,135
user_136,password_136,136
user_137,password_137,137
user_138,password_138,138
user_139,password_139,139
user_140,password_140,140
user_141,password_141,141
user_142,password_142,142
user_143,password_143,143
user_144,password_144,144
user_145,password_145,145
user_146,password_146,146
user_147,password_147,147
user_148,password_148,148
user_149,password_149,149
user_150,password_150,150
user_151,password_151,151
user_152,password_152,152
user_153,password_153,153
user_154,password_154,154
user_155,password_155,155
user_156,password_156,156
user_157,password_157,157
user_158,password_158,158
user_159,password_159,159
user_160,password_160,160
user_161,password_161,161
user_162,password_162,162
user_163,password_163,163
user_164,password_164,164
user_165,password_165,165
user_166,password_166,166
user_167,password_167,167
user_168,password_168,168
user_169,password_169,169
user_170,password_170,170
user_171,password_171,171
user_172,password_172,172
user_173,password_173,173
user_174,password_174,174
user_175,password_175,175
user_176,password_176,176
user_177,password_177,177
user_178,password_178,178
user_179,password_179,179
user_180,password_180,180
user_181,password_181,181
user_182,password_182,182
user_183,password_183,183
user_184,password_184,184
user_185,password_185,185
user_186,password_186,186
user_187,password_187,187
user_188,password_188,188
user_189,password_189,189
user_190,password_190,190
user_191,password_191,191
user_192,password_192,192
user_193,password_193,193
user_194,password_194,194
user_195,password_195,195
user_196,password_196,196
user_197,password_197,197
user_198,password_198,198
user_199,password_199,199
user_200,password_200,200
user_201,password_201,201
user_202,password_202,202
user_203,password_203,203
user_204,password_204,204
user_205,password_205,205
user_206,password_206,206
user_207,password_207,207
user_208,password_208,208
user_209,password_209,209
user_210,password_210,210
user_211,password_211,211
user_212,password_212,212
user_213,password_213,213
user_214,password_214,214
user_215,password_215,215
user_216,password_216,216
user_217,password_217,217
user_218,password_218,218
user_219,password_219,219
user_220,password_220,220
user_221,password_221,221
user_222,password_222,222
user_223,password_223,223
user_224,password_224,224
user_225,password_225,225
user_226,password_226,226
user_227,password_227,227
user_228,password_228,228
user_229,password_229,229
user_230,password_230,230
user_231,password_231,231
user_232,password_232,232
user_233,password_233,233
user_234,password_234,234
user_235,password_235,235
user_236,password_236,236
user_237,password_237,237
user_238,password_238,238
user_239,password_239,239
user_240,password_240,240
user_241,password_241,241
user_242,password_242,242
user_243,password_243,243
user_244,password_244,244
user_245,password_245,245
user_246,password_246,246
user_247,password_247,247
user_248,password_248,248
user_249,password_249,249
user_250,password_250,250
user_251,password_251,251
user_252,password_252,252
user_253,password_253,253
user_254,password_254,254
user_255,password_255,255
user_256,password_256,256
user_257,password_257,257
user_258,password_258,258
user_259,password_259,259
user_260,password_260,260
user_261,password_261,261
user_262,password_262,262
user_263,password_263,263
user_264,password_264,264
user_265,password_265,265
user_266,password_266,266
user_267,password_267,267
user_268,password_268,268
user_269,password_269,269
user_270,password_270,270
user_271,password_271,271
user_272,password_272,272
user_273,password_273,273
user_274,password_274,274
user_275,password_275,275
user_276,password_276,276
user_277,password_277,277
user_278,password_278,278
user_279,password_279,279
user_280,password_280,280
user_281,password_281,281
user_282,password_282,282
user_283,password_283,283
user_284,password_284,284
user_285,password_285,285
user_286,password_286,286
user_287,password_287,287
user_288,password_288,288
user_289,password_289,289
user_290,password_290,290
user_291,password_291,291
user_292,password_292,292
user_293,password_293,293
user_294,password_294,294
user_295,password_295,295
user_296,password_296,296
user_297,password_297,297
user_298,password_298,298
user_299,password_299,299
user_300,password_300,300
user_301,password_301,301
user_302,password_302,302
user_303,password_303,303
user_304,password_304,304
user_305,password_305,305
user_306,password_306,306
user_307,password_307,307
user_308,password_308,308
user_309,password_309,309
user_310,password_310,310
user_311,password_311,311
user_312,password_312,312
user_313,password_313,313
user_314,password_314,314
user_315,password_315,315
user_316,password_316,316
user_317,password_317,317
user_318,password_318,318
user_319,password_319,319
user_320,password_320,320
user_321,password_321,321
user_322,password_322,322
user_323,password_323,323
user_324,password_324,324
user_325,password_325,325
user_326,password_326,326
user_327,password_327,327
user_328,password_328,328
user_329,password_329,329
user_330,password_330,330
user_331,password_331,331
user_332,password_332,332
user_333,password_333,333
user_334,password_334,334
user_335,password_335,335
user_336,password_336,336
user_337,password_337,337
user_338,password_338,338
user_339,password_339,339
user_340,password_340,340
user_341,password_341,341
user_342,password_342,342
user_343,password_343,343
user_344,password_344,344
user_345,password_345,345
user_346,password_346,346
user_347,password_347,347
user_348,password_348,348
user_349,password_349,349
user_350,password_350,350
user_351,password_351,351
user_352,password_352,352
user_353,password_353,353
user_354,password_354,354
user_355,password_355,355
user_356,password_356,356
user_357,password_357,357
user_358,password_358,358
user_359,password_359,359
user_360,password_360,360
user_361,password_361,361
user_362,password_362,362
user_363,password_363,363
user_364,password_364,364
user_365,password_365,365
user_366,password_366,366
user_367,password_367,367
user_368,password_368,368
user_369,password_369,369
user_370,password_370,370
user_371,password_371,371
user_372,password_372,372
user_373,password_373,373
user_374,password_374,374
user_375,password_375,375
user_376,password_376,376
user_377,password_377,377
user_378,password_378,378
user_379,password_379,379
user_380,password_380,380
user_381,password_381,381
user_382,password_382,382
user_383,password_383,383
user_384,password_384,384
user_385,password_385,385
user_386,password_386,386
user_387,password_387,387
user_388,password_388,388
user_389,password_389,389
user_390,password_390,390
user_391,password_391,391
user_392,password_392,392
user_393,password_393,393
user_394,password_394,394
user_395,password_395,395
user_396,password_396,396
user_397,password_397,397
user_398,password_398,398
user_399,password_399,399
user_400,password_400,400
user_401,password_401,401
user_402,password_402,402
user_403,password_403,403
user_404,password_404,404
user_405,password_405,405
user_406,password_406,406
user_407,password_407,407
user_408,password_408,408
user_409,password_409,409
user_410,password_410,410
user_411,password_411,411
user_412,password_412,412
user_413,password_413,413
user_414,password_414,414
user_415,password_415,415
user_416,password_416,416
user_417,password_417,417
user_418,password_418,418
user_419,password_419,419
user_420,password_420,420
user_421,password_421,421
user_422,password_422,422
user_423,password_423,423
user_424,password_424,424
user_425,password_425,425
user_426,password_426,426
user_427,password_427,427
user_428,password_428,428
user_429,password_429,429
user_430,password_430,430
user_431,password_431,431
user_432,password_432,432
user_433,password_433,433
user_434,password_434,434
user_435,password_435,435
user_436,password_436,436
user_437,password_437,437
user_438,password_438,438
user_439,password_439,439
user_440,password_440,440
user_441,password_441,441
user_442,password_442,442
user_443,password_443,443
user_444,password_444,444
user_445,password_445,445
user_446,password_446,446
user_447,password_447,447
user_448,password_448,448
user_449,password_449,449
user_450,password_450,450
user_451,password_451,451
user_452,password_452,452
user_453,password_453,453
user_454,password_454,454
user_455,password_455,455
user_456,password_456,456
user_457,password_457,457
user_458,password_458,458
user_459,password_459,459
user_460,password_460,460
user_461,password_461,461
user_462,password_462,462
user_463,password_463,463
user_464,password_464,464
user_465,password_465,465
user_466,password_466,466
user_467,password_467,467
user_468,password_468,468
user_469,password_469,469
user_470,password_470,470
user_471,password_471,471
user_472,password_472,472
user_473,password_473,473
user_474,password_474,474
user_475,password_475,475
user_476,password_476,476
user_477,password_477,477
user_478,password_478,478
user_479,password_479,479
user_480,password_480,480
user_481,password_481,481
user_482,password_482,482
user_483,password_483,483
user_484,password_484,484
user_485,password_485,485
user_486,password_486,486
user_487,password_487,487
user_488,password_488,488
user_489,password_489,489
user_490,password_490,490
user_491,password_491,491
user_492,password_492,492
user_493,password_493,493
user_494,password_494,494
user_495,password_495,495
user_496,password_496,496
user_497,password_497,497
user_498,password_498,498
user_499,password_499,499
user_500,password_500,500
user_501,password_501,501
user_502,password_502,502
user_503,password_503,503
user_504,password_504,504
user_505,password_505,505
user_506,password_506,506
user_507,password_507,507
user_508,password_508,508
user_509,password_509,509
user_510,password_510,510
user_511,password_511,511
user_512,password_512,512
user_513,password_513,513
user_514,password_514,514
user_515,password_515,515
user_516,password_516,516
user_517,password_517,517
user_518,password_518,518
user_519,password_519,519
user_520,password_520,520
user_521,password_521,521
user_522,password_522,522
user_523,password_523,523
user_524,password_524,524
user_525,password_525,525
user_526,password_526,526
user_527,password_527,527
user_528,password_528,528
user_529,password_529,529
user_530,password_530,530
user_531,password_531,531
user_532,password_532,532
user_533,password_533,533
user_534,password_534,534
user_535,password_535,535
user_536,password_536,536
user_537,password_537,537
user_538,password_538,538
user_539,password_539,539
user_540,password_540,540
user_541,password_541,541
user_542,password_542,542
user_543,password_543,543
user_544,password_544,544
user_545,password_545,545
user_546,password_546,546
user_547,password_547,547
user_548,password_548,548
user_549,password_549,549
user_550,password_550,550
user_551,password_551,551
user_552,password_552,552
user_553,password_553,553
user_554,password_554,554
user_555,password_555,555
user_556,password_556,556
user_557,password_557,557
user_558,password_558,558
user_559,password_559,559
user_560,password_560,560
user_561,password_561,561
user_562,password_562,562
user_563,password_563,563
user_564,password_564,564
user_565,password_565,565
user_566,password_566,566
user_567,password_567,567
user_568,password_568,568
user_569,password_569,569
user_570,password_570,570
user_571,password_571,571
user_572,password_572,572
user_573,password_573,573
user_574,password_574,574
user_575,password_575,575
user_576,password_576,576
user_577,password_577,577
user_578,password_578,578
user_579,password_579,579
user_580,password_580,580
user_581,password_581,581
user_582,password_582,582
user_583,password_583,583
user_584,password_584,584
user_585,password_585,585
user_586,password_586,586
user_587,password_587,587
user_588,password_588,588
user_589,password_589,589
user_590,password_590,590
user_591,password_591,591
user_592,password_592,592
user_593,password_593,593
user_594,password_594,594
user_595,password_595,595
user_596,password_596,596
user_597,password_597,597
user_598,password_598,598
user_599,password_599,599
user_600,password_600,600
user_601,password_601,601
user_602,password_602,602
user_603,password_603,603
user_604,password_604,604
user_605,password_605,605
user_606,password_606,606
user_607,password_607,607
user_608,password_608,608
user_609,password_609,609
user_610,password_610,610
user_611,password_611,611
user_612,password_612,612
user_613,password_613,613
user_614,password_614,614
user_615,password_615,615
user_616,password_616,616
user_617,password_617,617
user_618,password_618,618
user_619,password_619,619
user_620,password_620,620
user_621,password_621,621
user_622,password_622,622
user_623,password_623,623
user_624,password_624,624
user_625,password_625,625
user_626,password_626,626
user_627,password_627,627
user_628,password_628,628
user_629,password_629,629
user_630,password_630,630
user_631,password_631,631
user_632,password_632,632
user_633,password_633,633
user_634,password_634,634
user_635,password_635,635
user_636,password_636,636
user_637,password_637,637
user_638,password_638,638
user_639,password_639,639
user_640,password_640,640
user_641,password_641,641
user_642,password_642,642
user_643,password_643,643
user_644,password_644,644
user_645,password_645,645
user_646,password_646,646
user_647,password_647,647
user_648,password_648,648
user_649,password_649,649
user_650,password_650,650
user_651,password_651,651
user_652,password_652,652
user_653,password_653,653
user_654,password_654,654
user_655,password_655,655
user_656,password_656,656
user_657,password_657,657
user_658,password_658,658
user_659,password_659,659
user_660,password_660,660
user_661,password_661,661
user_662,password_662,662
user_663,password_663,663
user_664,password_664,664
user_665,password_665,665
user_666,password_666,666
user_667,password_667,667
user_668,password_668,668
user_669,password_669,669
user_670,password_670,670
user_671,password_671,671
user_672,password_672,672
user_673,password_673,673
user_674,password_674,674
user_675,password_675,675
user_676,password_676,676
user_677,password_677,677
user_678,password_678,678
user_679,password_679,679
user_680,password_680,680
user_681,password_681,681
user_682,password_682,682
user_683,password_683,683
user_684,password_684,684
user_685,password_685,685
user_686,password_686,686
user_687,password_687,687
user_688,password_688,688
user_689,password_689,689
user_690,password_690,690
user_691,password_691,691
user_692,password_692,692
user_693,password_693,693
user_694,password_694,694
user_695,password_695,695
user_696,password_696,696
user_697,password_697,697
user_698,password_698,698
user_699,password_699,699
user_700,password_700,700
user_701,password_701,701
user_702,password_702,702
user_703,password_703,703
user_704,password_704,704
user_705,password_705,705
user_706,password_706,706
user_707,password_707,707
user_708,password_708,708
user_709,password_709,709
user_710,password_710,710
user_711,password_711,711
user_712,password_712,712
user_713,password_713,713
user_714,password_714,714
user_715,password_715,715
user_716,password_716,716
user_717,password_717,717
user_718,password_718,718
user_719,password_719,719
user_720,password_720,720
user_721,password_721,721
user_722,password_722,722
user_723,password_723,723
user_724,password_724,724
user_725,password_725,725
user_726,password_726,726
user_727,password_727,727
user_728,password_728,728
user_729,password_729,729
user_730,password_730,730
user_731,password_731,731
user_732,password_732,732
user_733,password_733,733
user_734,password_734,734
user_735,password_735,735
user_736,password_736,736
user_737,password_737,737
user_738,password_738,738
user_739,password_739,739
user_740,password_740,740
user_741,password_741,741
user_742,password_742,742
user_743,password_743,743
user_744,password_744,744
user_745,password_745,745
user_746,password_746,746
user_747,password_747,747
user_748,password_748,748
user_749,password_749,749
user_750,password_750,750
user_751,password_751,751
user_752,password_752,752
user_753,password_753,753
user_754,password_754,754
user_755,password_755,755
user_756,password_756,756
user_757,password_757,757
user_758,password_758,758
user_759,password_759,759
user_760,password_760,760
user_761,password_761,761
user_762,password_762,762
user_763,password_763,763
user_764,password_764,764
user_765,password_765,765
user_766,password_766,766
user_767,password_767,767
user_768,password_768,768
user_769,password_769,769
user_770,password_770,770
user_771,password_771,771
user_772,password_772,772
user_773,password_773,773
user_774,password_774,774
user_775,password_775,775
user_776,password_776,776
user_777,password_777,777
user_778,password_778,778
user_779,password_779,779
user_780,password_780,780
user_781,password_781,781
user_782,password_782,782
user_783,password_783,783
user_784,password_784,784
user_785,password_785,785
user_786,password_786,786
user_787,password_787,787
user_788,password_788,788
user_789,password_789,789
user_790,password_790,790
user_791,password_791,791
user_792,password_792,792
user_793,password_793,793
user_794,password_794,794
user_795,password_795,795
user_796,password_796,796
user_797,password_797,797
user_798,password_798,798
user_799,password_799,799
user_800,password_800,800
user_801,password_801,801
user_802,password_802,802
user_803,password_803,803
user_804,password_804,804
user_805,password_805,805
user_806,password_806,806
user_807,password_807,807
user_808,password_808,808
user_809,password_809,809
user_810,password_810,810
user_811,password_811,811
user_812,password_812,812
user_813,password_813,813
user_814,password_814,814
user_815,password_815,815
user_816,password_816,816
user_817,password_817,817
user_818,password_818,818
user_819,password_819,819
user_820,password_820,820
user_821,password_821,821
user_822,password_822,822
user_823,password_823,823
user_824,password_824,824
user_825,password_825,825
user_826,password_826,826
user_827,password_827,827
user_828,password_828,828
user_829,password_829,829
user_830,password_830,830
user_831,password_831,831
user_832,password_832,832
user_833,password_833,833
user_834,password_834,834
user_835,password_835,835
user_836,password_836,836
user_837,password_837,837
user_838,password_838,838
user_839,password_839,839
user_840,password_840,840
user_841,password_841,841
user_842,password_842,842
user_843,password_843,843
user_844,password_844,844
user_845,password_845,845
user_846,password_846,846
user_847,password_847,847
user_848,password_848,848
user_849,password_849,849
user_850,password_850,850
user_851,password_851,851
user_852,password_852,852
user_853,password_853,853
user_854,password_854,854
user_855,password_855,855
user_856,password_856,856
user_857,password_857,857
user_858,password_858,858
user_859,password_859,859
user_860,password_860,860
user_861,password_861,861
user_862,password_862,862
user_863,password_863,863
user_864,password_864,864
user_865,password_865,865
user_866,password_866,866
user_867,password_867,867
user_868,password_868,868
user_869,password_869,869
user_870,password_870,870
user_871,password_871,871
user_872,password_872,872
user_873,password_873,873
user_874,password_874,874
user_875,password_875,875
user_876,password_876,876
user_877,password_877,877
user_878,password_878,878
user_879,password_879,879
user_880,password_880,880
user_881,password_881,881
user_882,password_882,882
user_883,password_883,883
user_884,password_884,884
user_885,password_885,885
user_886,password_886,886
user_887,password_887,887
user_888,password_888,888
user_889,password_889,889
user_890,password_890,890
user_891,password_891,891
user_892,password_892,892
user_893,password_893,893
user_894,password_894,894
user_895,password_895,895
user_896,password_896,896
user_897,password_897,897
user_898,password_898,898
user_899,password_899,899
user_900,password_900,900
user_901,password_901,901
user_902,password_902,902
user_903,password_903,903
user_904,password_904,904
user_905,password_905,905
user_906,password_906,906
user_907,password_907,907
user_908,password_908,908
user_909,password_909,909
user_910,password_910,910
user_911,password_911,911
user_912,password_912,912
user_913,password_913,913
user_914,password_914,914
user_915,password_915,915
user_916,password_916,916
user_917,password_917,917
user_918,password_918,918
user_919,password_919,919
user_920,password_920,920
user_921,password_921,921
user_922,password_922,922
user_923,password_923,923
user_924,password_924,924
user_925,password_925,925
user_926,password_926,926
user_927,password_927,927
user_928,password_928,928
user_929,password_929,929
user_930,password_930,930
user_931,password_931,931
user_932,password_932,932
user_933,password_933,933
user_934,password_934,934
user_935,password_935,935
user_936,password_936,936
user_937,password_937,937
user_938,password_938,938
user_939,password_939,939
user_940,password_940,940
user_941,password_941,941
user_942,password_942,942
user_943,password_943,943
user_944,password_944,944
user_945,password_945,945
user_946,password_946,946
user_947,password_947,947
user_948,password_948,948
user_949,password_949,949
user_950,password_950,950
user_951,password_951,951
user_952,password_952,952
user_953,password_953,953
user_954,password_954,954
user_955,password_955,955
user_956,password_956,956
user_957,password_957,957
user_958,password_958,958
user_959,password_959,959
user_960,password_960,960
user_961,password_961,961
user_962,password_962,962
user_963,password_963,963
user_964,password_964,964
user_965,password_965,965
user_966,password_966,966
user_967,password_967,967
user_968,password_968,968
user_969,password_969,969
user_970,password_970,970
user_971,password_971,971
user_972,password_972,972
user_973,password_973,973
user_974,password_974,974
user_975,password_975,975
user_976,password_976,976
user_977,password_977,977
user_978,password_978,978
user_979,password_979,979
user_980,password_980,980
user_981,password_981,981
user_982,password_982,982
user_983,password_983,983
user_984,password_984,984
user_985,password_985,985
user_986,password_986,986
user_987,password_987,987
user_988,password_988,988
user_989,password_989,989
user_990,password_990,990
user_991,password_991,991
user_992,password_992,992
user_993,password_993,993
user_994,password_994,994
user_995,password_995,995
user_996,password_996,996
user_997,password_997,997
user_998,password_998,998
user_999,password_999,999
user_1000,password_1000,1000
